[
{
    "model": "api.queue",
    "pk": "CASUAL",
    "fields": {}
},
{
    "model": "api.queue",
    "pk": "KOTH",
    "fields": {}
},
{
    "model": "api.queue",
    "pk": "RANKED",
    "fields": {}
},
{
    "model": "api.party",
    "pk": 3,
    "fields": {
        "queue": "CASUAL",
        "leader": "apoddar3@illinois.edu"
    }
},
{
    "model": "api.interested",
    "pk": "apoddar3@illinois.edu",
    "fields": {
        "first_name": "Agnivah",
        "last_name": "Poddar",
        "formerBoardMember": false
    }
},
{
    "model": "api.interested",
    "pk": "baobl2@illinois.edu",
    "fields": {
        "first_name": "Bao",
        "last_name": "Lam",
        "formerBoardMember": false
    }
},
{
    "model": "api.interested",
    "pk": "dhchen3@illinois.edu",
    "fields": {
        "first_name": "Denghang",
        "last_name": "Chen",
        "formerBoardMember": false
    }
},
{
    "model": "api.interested",
    "pk": "diwen2@illinois.edu",
    "fields": {
        "first_name": "Di",
        "last_name": "When",
        "formerBoardMember": false
    }
},
{
    "model": "api.interested",
    "pk": "donghao2@illinois.edu",
    "fields": {
        "first_name": "Donghao",
        "last_name": "Shi",
        "formerBoardMember": false
    }
},
{
    "model": "api.interested",
    "pk": "dusad2@illinois.edu",
    "fields": {
        "first_name": "Krishna",
        "last_name": "Dusad",
        "formerBoardMember": false
    }
},
{
    "model": "api.interested",
    "pk": "dwang47@illinois.edu",
    "fields": {
        "first_name": "Edward",
        "last_name": "Wang",
        "formerBoardMember": false
    }
},
{
    "model": "api.interested",
    "pk": "ezhuang2@illinois.edu",
    "fields": {
        "first_name": "Eddie",
        "last_name": "Huang",
        "formerBoardMember": false
    }
},
{
    "model": "api.interested",
    "pk": "harryr2@illinois.edu",
    "fields": {
        "first_name": "Harry",
        "last_name": "Ren",
        "formerBoardMember": false
    }
},
{
    "model": "api.interested",
    "pk": "harshh2@illinois.edu",
    "fields": {
        "first_name": "Harsh",
        "last_name": "Harpalani",
        "formerBoardMember": false
    }
},
{
    "model": "api.interested",
    "pk": "jaemanp2@illinois.edu",
    "fields": {
        "first_name": "Jae",
        "last_name": "Park",
        "formerBoardMember": false
    }
},
{
    "model": "api.interested",
    "pk": "janec3@illinois.edu",
    "fields": {
        "first_name": "Jane",
        "last_name": "C",
        "formerBoardMember": false
    }
},
{
    "model": "api.interested",
    "pk": "jchu15@illinois.edu",
    "fields": {
        "first_name": "Jenny",
        "last_name": "Chu",
        "formerBoardMember": false
    }
},
{
    "model": "api.interested",
    "pk": "jiayih4@illinois.edu",
    "fields": {
        "first_name": "Jiayi",
        "last_name": "Huang",
        "formerBoardMember": false
    }
},
{
    "model": "api.interested",
    "pk": "joshuac6@illinois.edu",
    "fields": {
        "first_name": "Joshua",
        "last_name": "Cheng",
        "formerBoardMember": false
    }
},
{
    "model": "api.interested",
    "pk": "jyang98@illinois.edu",
    "fields": {
        "first_name": "Jun",
        "last_name": "Yang",
        "formerBoardMember": false
    }
},
{
    "model": "api.interested",
    "pk": "lan10@illinois.edu",
    "fields": {
        "first_name": "Gary",
        "last_name": "Lan",
        "formerBoardMember": false
    }
},
{
    "model": "api.interested",
    "pk": "lixiang2@illinois.edu",
    "fields": {
        "first_name": "LiXiang",
        "last_name": "Dong",
        "formerBoardMember": false
    }
},
{
    "model": "api.interested",
    "pk": "mithin@illinois.edu",
    "fields": {
        "first_name": "Mithin",
        "last_name": "Nehrubabu",
        "formerBoardMember": false
    }
},
{
    "model": "api.interested",
    "pk": "peiyuxu2@illinois.edu",
    "fields": {
        "first_name": "Perry",
        "last_name": "Xu",
        "formerBoardMember": false
    }
},
{
    "model": "api.interested",
    "pk": "srb2@illinois.edu",
    "fields": {
        "first_name": "Sarith",
        "last_name": "B",
        "formerBoardMember": false
    }
},
{
    "model": "api.interested",
    "pk": "sujayd2@illinois.edu",
    "fields": {
        "first_name": "Sujay",
        "last_name": "Dasgupta",
        "formerBoardMember": false
    }
},
{
    "model": "api.interested",
    "pk": "suryasn2@illinois.edu",
    "fields": {
        "first_name": "Surya",
        "last_name": "Nair",
        "formerBoardMember": false
    }
},
{
    "model": "api.interested",
    "pk": "tinag2@illinois.edu",
    "fields": {
        "first_name": "Tina",
        "last_name": "Guo",
        "formerBoardMember": false
    }
},
{
    "model": "api.interested",
    "pk": "tyou4@illinois.edu",
    "fields": {
        "first_name": "Tim",
        "last_name": "You",
        "formerBoardMember": false
    }
},
{
    "model": "api.interested",
    "pk": "yikeli2@illinois.edu",
    "fields": {
        "first_name": "Yike",
        "last_name": "Li",
        "formerBoardMember": false
    }
},
{
    "model": "api.interested",
    "pk": "yleung5@illinois.edu",
    "fields": {
        "first_name": "Hannah",
        "last_name": "Leung",
        "formerBoardMember": false
    }
},
{
    "model": "api.interested",
    "pk": "yzhao221@illinois.edu",
    "fields": {
        "first_name": "Yifan",
        "last_name": "Zhao",
        "formerBoardMember": false
    }
},
{
    "model": "api.interested",
    "pk": "zshen5@illinois.edu",
    "fields": {
        "first_name": "Zack",
        "last_name": "Shen",
        "formerBoardMember": false
    }
},
{
    "model": "api.member",
    "pk": "apoddar3@illinois.edu",
    "fields": {
        "level": 0,
        "private": false,
        "dateJoined": "2018-03-19",
        "party": null,
        "bio": ""
    }
},
{
    "model": "api.member",
    "pk": "baobl2@illinois.edu",
    "fields": {
        "level": 0,
        "private": false,
        "dateJoined": "2018-03-19",
        "party": null,
        "bio": ""
    }
},
{
    "model": "api.member",
    "pk": "dhchen3@illinois.edu",
    "fields": {
        "level": 0,
        "private": false,
        "dateJoined": "2018-03-19",
        "party": null,
        "bio": ""
    }
},
{
    "model": "api.member",
    "pk": "diwen2@illinois.edu",
    "fields": {
        "level": 0,
        "private": false,
        "dateJoined": "2018-03-19",
        "party": null,
        "bio": ""
    }
},
{
    "model": "api.member",
    "pk": "donghao2@illinois.edu",
    "fields": {
        "level": 0,
        "private": false,
        "dateJoined": "2018-03-19",
        "party": null,
        "bio": ""
    }
},
{
    "model": "api.member",
    "pk": "dusad2@illinois.edu",
    "fields": {
        "level": 0,
        "private": false,
        "dateJoined": "2018-03-19",
        "party": null,
        "bio": ""
    }
},
{
    "model": "api.member",
    "pk": "dwang47@illinois.edu",
    "fields": {
        "level": 0,
        "private": false,
        "dateJoined": "2018-03-19",
        "party": null,
        "bio": ""
    }
},
{
    "model": "api.member",
    "pk": "ezhuang2@illinois.edu",
    "fields": {
        "level": 0,
        "private": false,
        "dateJoined": "2018-03-19",
        "party": null,
        "bio": ""
    }
},
{
    "model": "api.member",
    "pk": "harryr2@illinois.edu",
    "fields": {
        "level": 0,
        "private": false,
        "dateJoined": "2018-03-19",
        "party": null,
        "bio": ""
    }
},
{
    "model": "api.member",
    "pk": "harshh2@illinois.edu",
    "fields": {
        "level": 0,
        "private": false,
        "dateJoined": "2018-03-19",
        "party": null,
        "bio": ""
    }
},
{
    "model": "api.member",
    "pk": "jaemanp2@illinois.edu",
    "fields": {
        "level": 0,
        "private": false,
        "dateJoined": "2018-03-19",
        "party": null,
        "bio": ""
    }
},
{
    "model": "api.member",
    "pk": "janec3@illinois.edu",
    "fields": {
        "level": 0,
        "private": false,
        "dateJoined": "2018-03-19",
        "party": null,
        "bio": ""
    }
},
{
    "model": "api.member",
    "pk": "jchu15@illinois.edu",
    "fields": {
        "level": 0,
        "private": false,
        "dateJoined": "2018-03-19",
        "party": null,
        "bio": ""
    }
},
{
    "model": "api.member",
    "pk": "jiayih4@illinois.edu",
    "fields": {
        "level": 0,
        "private": false,
        "dateJoined": "2018-03-19",
        "party": null,
        "bio": ""
    }
},
{
    "model": "api.member",
    "pk": "joshuac6@illinois.edu",
    "fields": {
        "level": 0,
        "private": false,
        "dateJoined": "2018-03-19",
        "party": null,
        "bio": ""
    }
},
{
    "model": "api.member",
    "pk": "jyang98@illinois.edu",
    "fields": {
        "level": 0,
        "private": false,
        "dateJoined": "2018-03-19",
        "party": null,
        "bio": ""
    }
},
{
    "model": "api.member",
    "pk": "lan10@illinois.edu",
    "fields": {
        "level": 0,
        "private": false,
        "dateJoined": "2018-03-19",
        "party": null,
        "bio": ""
    }
},
{
    "model": "api.member",
    "pk": "lixiang2@illinois.edu",
    "fields": {
        "level": 0,
        "private": false,
        "dateJoined": "2018-03-19",
        "party": null,
        "bio": ""
    }
},
{
    "model": "api.member",
    "pk": "mithin@illinois.edu",
    "fields": {
        "level": 0,
        "private": false,
        "dateJoined": "2018-03-19",
        "party": null,
        "bio": ""
    }
},
{
    "model": "api.member",
    "pk": "peiyuxu2@illinois.edu",
    "fields": {
        "level": 0,
        "private": false,
        "dateJoined": "2018-03-19",
        "party": null,
        "bio": ""
    }
},
{
    "model": "api.member",
    "pk": "srb2@illinois.edu",
    "fields": {
        "level": 0,
        "private": false,
        "dateJoined": "2018-03-19",
        "party": null,
        "bio": ""
    }
},
{
    "model": "api.member",
    "pk": "sujayd2@illinois.edu",
    "fields": {
        "level": 0,
        "private": false,
        "dateJoined": "2018-03-19",
        "party": null,
        "bio": ""
    }
},
{
    "model": "api.member",
    "pk": "suryasn2@illinois.edu",
    "fields": {
        "level": 0,
        "private": false,
        "dateJoined": "2018-03-19",
        "party": null,
        "bio": ""
    }
},
{
    "model": "api.member",
    "pk": "tinag2@illinois.edu",
    "fields": {
        "level": 0,
        "private": false,
        "dateJoined": "2018-03-19",
        "party": null,
        "bio": ""
    }
},
{
    "model": "api.member",
    "pk": "tyou4@illinois.edu",
    "fields": {
        "level": 0,
        "private": false,
        "dateJoined": "2018-03-19",
        "party": null,
        "bio": ""
    }
},
{
    "model": "api.member",
    "pk": "yikeli2@illinois.edu",
    "fields": {
        "level": 0,
        "private": false,
        "dateJoined": "2018-03-19",
        "party": null,
        "bio": ""
    }
},
{
    "model": "api.member",
    "pk": "yleung5@illinois.edu",
    "fields": {
        "level": 0,
        "private": false,
        "dateJoined": "2018-03-19",
        "party": null,
        "bio": ""
    }
},
{
    "model": "api.member",
    "pk": "yzhao221@illinois.edu",
    "fields": {
        "level": 0,
        "private": false,
        "dateJoined": "2018-03-19",
        "party": null,
        "bio": ""
    }
},
{
    "model": "api.member",
    "pk": "zshen5@illinois.edu",
    "fields": {
        "level": 0,
        "private": false,
        "dateJoined": "2018-03-19",
        "party": null,
        "bio": ""
    }
},
{
    "model": "api.boardmember",
    "pk": "ezhuang2@illinois.edu",
    "fields": {
        "job": "PRESIDENT"
    }
},
{
    "model": "api.boardmember",
    "pk": "yleung5@illinois.edu",
    "fields": {
        "job": "OFFICER"
    }
},
{
    "model": "api.match",
    "pk": 1,
    "fields": {
        "startDate": "2018-03-19T16:47:37Z",
        "scoreA": 16,
        "scoreB": 21,
        "court": null,
        "tournament": null
    }
},
{
    "model": "api.match",
    "pk": 2,
    "fields": {
        "startDate": "2018-03-19T16:49:10Z",
        "scoreA": 19,
        "scoreB": 21,
        "court": null,
        "tournament": null
    }
},
{
    "model": "api.match",
    "pk": 3,
    "fields": {
        "startDate": "2018-03-19T16:50:42Z",
        "scoreA": 5,
        "scoreB": 21,
        "court": null,
        "tournament": null
    }
},
{
    "model": "api.match",
    "pk": 4,
    "fields": {
        "startDate": "2018-03-19T16:51:04Z",
        "scoreA": 21,
        "scoreB": 16,
        "court": null,
        "tournament": null
    }
},
{
    "model": "api.match",
    "pk": 5,
    "fields": {
        "startDate": "2018-03-19T16:53:07Z",
        "scoreA": 16,
        "scoreB": 21,
        "court": null,
        "tournament": null
    }
},
{
    "model": "api.match",
    "pk": 6,
    "fields": {
        "startDate": "2018-03-19T16:53:35Z",
        "scoreA": 21,
        "scoreB": 19,
        "court": null,
        "tournament": null
    }
},
{
    "model": "api.match",
    "pk": 7,
    "fields": {
        "startDate": "2018-03-19T16:53:52Z",
        "scoreA": 11,
        "scoreB": 21,
        "court": null,
        "tournament": null
    }
},
{
    "model": "api.match",
    "pk": 8,
    "fields": {
        "startDate": "2018-03-19T16:54:06Z",
        "scoreA": 21,
        "scoreB": 15,
        "court": null,
        "tournament": null
    }
},
{
    "model": "api.match",
    "pk": 9,
    "fields": {
        "startDate": "2018-03-19T16:54:18Z",
        "scoreA": 11,
        "scoreB": 21,
        "court": null,
        "tournament": null
    }
},
{
    "model": "api.match",
    "pk": 10,
    "fields": {
        "startDate": "2018-03-19T16:54:43Z",
        "scoreA": 14,
        "scoreB": 21,
        "court": null,
        "tournament": null
    }
},
{
    "model": "api.match",
    "pk": 11,
    "fields": {
        "startDate": "2018-03-19T16:55:17Z",
        "scoreA": 10,
        "scoreB": 21,
        "court": null,
        "tournament": null
    }
},
{
    "model": "api.match",
    "pk": 12,
    "fields": {
        "startDate": "2018-03-19T16:55:34Z",
        "scoreA": 14,
        "scoreB": 21,
        "court": null,
        "tournament": null
    }
},
{
    "model": "api.match",
    "pk": 13,
    "fields": {
        "startDate": "2018-03-19T16:55:52Z",
        "scoreA": 21,
        "scoreB": 10,
        "court": null,
        "tournament": null
    }
},
{
    "model": "api.match",
    "pk": 14,
    "fields": {
        "startDate": "2018-03-19T16:56:06Z",
        "scoreA": 26,
        "scoreB": 24,
        "court": null,
        "tournament": null
    }
},
{
    "model": "api.match",
    "pk": 15,
    "fields": {
        "startDate": "2018-03-19T16:58:10Z",
        "scoreA": 21,
        "scoreB": 10,
        "court": null,
        "tournament": null
    }
},
{
    "model": "api.match",
    "pk": 16,
    "fields": {
        "startDate": "2018-03-19T16:58:25Z",
        "scoreA": 19,
        "scoreB": 21,
        "court": null,
        "tournament": null
    }
},
{
    "model": "api.match",
    "pk": 17,
    "fields": {
        "startDate": "2018-03-19T16:58:50Z",
        "scoreA": 21,
        "scoreB": 15,
        "court": null,
        "tournament": null
    }
},
{
    "model": "api.match",
    "pk": 18,
    "fields": {
        "startDate": "2018-03-19T16:59:05Z",
        "scoreA": 10,
        "scoreB": 21,
        "court": null,
        "tournament": null
    }
},
{
    "model": "api.match",
    "pk": 19,
    "fields": {
        "startDate": "2018-03-19T16:59:26Z",
        "scoreA": 21,
        "scoreB": 8,
        "court": null,
        "tournament": null
    }
},
{
    "model": "api.match",
    "pk": 20,
    "fields": {
        "startDate": "2018-03-19T16:59:42Z",
        "scoreA": 21,
        "scoreB": 12,
        "court": null,
        "tournament": null
    }
},
{
    "model": "api.playedin",
    "pk": 0,
    "fields": {
        "member": "tyou4@illinois.edu",
        "team": "A",
        "match": 1
    }
},
{
    "model": "api.playedin",
    "pk": 1,
    "fields": {
        "member": "sujayd2@illinois.edu",
        "team": "B",
        "match": 1
    }
},
{
    "model": "api.playedin",
    "pk": 2,
    "fields": {
        "member": "apoddar3@illinois.edu",
        "team": "A",
        "match": 2
    }
},
{
    "model": "api.playedin",
    "pk": 3,
    "fields": {
        "member": "harryr2@illinois.edu",
        "team": "B",
        "match": 2
    }
},
{
    "model": "api.playedin",
    "pk": 4,
    "fields": {
        "member": "peiyuxu2@illinois.edu",
        "team": "A",
        "match": 3
    }
},
{
    "model": "api.playedin",
    "pk": 5,
    "fields": {
        "member": "sujayd2@illinois.edu",
        "team": "B",
        "match": 3
    }
},
{
    "model": "api.playedin",
    "pk": 6,
    "fields": {
        "member": "sujayd2@illinois.edu",
        "team": "A",
        "match": 4
    }
},
{
    "model": "api.playedin",
    "pk": 7,
    "fields": {
        "member": "jyang98@illinois.edu",
        "team": "B",
        "match": 4
    }
},
{
    "model": "api.playedin",
    "pk": 8,
    "fields": {
        "member": "harryr2@illinois.edu",
        "team": "A",
        "match": 5
    }
},
{
    "model": "api.playedin",
    "pk": 9,
    "fields": {
        "member": "harshh2@illinois.edu",
        "team": "B",
        "match": 5
    }
},
{
    "model": "api.playedin",
    "pk": 10,
    "fields": {
        "member": "diwen2@illinois.edu",
        "team": "A",
        "match": 6
    }
},
{
    "model": "api.playedin",
    "pk": 11,
    "fields": {
        "member": "apoddar3@illinois.edu",
        "team": "B",
        "match": 6
    }
},
{
    "model": "api.playedin",
    "pk": 12,
    "fields": {
        "member": "harryr2@illinois.edu",
        "team": "A",
        "match": 7
    }
},
{
    "model": "api.playedin",
    "pk": 13,
    "fields": {
        "member": "sujayd2@illinois.edu",
        "team": "B",
        "match": 7
    }
},
{
    "model": "api.playedin",
    "pk": 14,
    "fields": {
        "member": "dusad2@illinois.edu",
        "team": "A",
        "match": 8
    }
},
{
    "model": "api.playedin",
    "pk": 15,
    "fields": {
        "member": "ezhuang2@illinois.edu",
        "team": "B",
        "match": 8
    }
},
{
    "model": "api.playedin",
    "pk": 16,
    "fields": {
        "member": "diwen2@illinois.edu",
        "team": "A",
        "match": 9
    }
},
{
    "model": "api.playedin",
    "pk": 17,
    "fields": {
        "member": "dwang47@illinois.edu",
        "team": "B",
        "match": 9
    }
},
{
    "model": "api.playedin",
    "pk": 18,
    "fields": {
        "member": "srb2@illinois.edu",
        "team": "A",
        "match": 10
    }
},
{
    "model": "api.playedin",
    "pk": 19,
    "fields": {
        "member": "dusad2@illinois.edu",
        "team": "B",
        "match": 10
    }
},
{
    "model": "api.playedin",
    "pk": 20,
    "fields": {
        "member": "tyou4@illinois.edu",
        "team": "A",
        "match": 11
    }
},
{
    "model": "api.playedin",
    "pk": 21,
    "fields": {
        "member": "harshh2@illinois.edu",
        "team": "B",
        "match": 11
    }
},
{
    "model": "api.playedin",
    "pk": 22,
    "fields": {
        "member": "yleung5@illinois.edu",
        "team": "A",
        "match": 12
    }
},
{
    "model": "api.playedin",
    "pk": 23,
    "fields": {
        "member": "tyou4@illinois.edu",
        "team": "B",
        "match": 12
    }
},
{
    "model": "api.playedin",
    "pk": 24,
    "fields": {
        "member": "jiayih4@illinois.edu",
        "team": "A",
        "match": 13
    }
},
{
    "model": "api.playedin",
    "pk": 25,
    "fields": {
        "member": "baobl2@illinois.edu",
        "team": "B",
        "match": 13
    }
},
{
    "model": "api.playedin",
    "pk": 26,
    "fields": {
        "member": "janec3@illinois.edu",
        "team": "A",
        "match": 14
    }
},
{
    "model": "api.playedin",
    "pk": 27,
    "fields": {
        "member": "jchu15@illinois.edu",
        "team": "B",
        "match": 14
    }
},
{
    "model": "api.playedin",
    "pk": 28,
    "fields": {
        "member": "joshuac6@illinois.edu",
        "team": "A",
        "match": 15
    }
},
{
    "model": "api.playedin",
    "pk": 29,
    "fields": {
        "member": "zshen5@illinois.edu",
        "team": "B",
        "match": 15
    }
},
{
    "model": "api.playedin",
    "pk": 30,
    "fields": {
        "member": "baobl2@illinois.edu",
        "team": "A",
        "match": 16
    }
},
{
    "model": "api.playedin",
    "pk": 31,
    "fields": {
        "member": "harryr2@illinois.edu",
        "team": "B",
        "match": 16
    }
},
{
    "model": "api.playedin",
    "pk": 32,
    "fields": {
        "member": "harshh2@illinois.edu",
        "team": "A",
        "match": 17
    }
},
{
    "model": "api.playedin",
    "pk": 33,
    "fields": {
        "member": "lixiang2@illinois.edu",
        "team": "B",
        "match": 17
    }
},
{
    "model": "api.playedin",
    "pk": 34,
    "fields": {
        "member": "yleung5@illinois.edu",
        "team": "A",
        "match": 18
    }
},
{
    "model": "api.playedin",
    "pk": 35,
    "fields": {
        "member": "jyang98@illinois.edu",
        "team": "B",
        "match": 18
    }
},
{
    "model": "api.playedin",
    "pk": 36,
    "fields": {
        "member": "diwen2@illinois.edu",
        "team": "A",
        "match": 19
    }
},
{
    "model": "api.playedin",
    "pk": 37,
    "fields": {
        "member": "tinag2@illinois.edu",
        "team": "B",
        "match": 19
    }
},
{
    "model": "api.playedin",
    "pk": 38,
    "fields": {
        "member": "yikeli2@illinois.edu",
        "team": "B",
        "match": 20
    }
},
{
    "model": "api.playedin",
    "pk": 39,
    "fields": {
        "member": "sujayd2@illinois.edu",
        "team": "A",
        "match": 20
    }
},
{
    "model": "api.finishedmatch",
    "pk": 1,
    "fields": {
        "endDate": "2018-03-19T16:48:03Z"
    }
},
{
    "model": "api.finishedmatch",
    "pk": 2,
    "fields": {
        "endDate": "2018-03-19T16:49:26Z"
    }
},
{
    "model": "api.finishedmatch",
    "pk": 3,
    "fields": {
        "endDate": "2018-03-19T16:50:57Z"
    }
},
{
    "model": "api.finishedmatch",
    "pk": 4,
    "fields": {
        "endDate": "2018-03-19T16:51:15Z"
    }
},
{
    "model": "api.finishedmatch",
    "pk": 5,
    "fields": {
        "endDate": "2018-03-19T16:53:25Z"
    }
},
{
    "model": "api.finishedmatch",
    "pk": 6,
    "fields": {
        "endDate": "2018-03-19T16:53:44Z"
    }
},
{
    "model": "api.finishedmatch",
    "pk": 7,
    "fields": {
        "endDate": "2018-03-19T16:53:59Z"
    }
},
{
    "model": "api.finishedmatch",
    "pk": 8,
    "fields": {
        "endDate": "2018-03-19T16:54:13Z"
    }
},
{
    "model": "api.finishedmatch",
    "pk": 9,
    "fields": {
        "endDate": "2018-03-19T16:54:31Z"
    }
},
{
    "model": "api.finishedmatch",
    "pk": 10,
    "fields": {
        "endDate": "2018-03-19T16:55:06Z"
    }
},
{
    "model": "api.finishedmatch",
    "pk": 11,
    "fields": {
        "endDate": "2018-03-19T16:55:27Z"
    }
},
{
    "model": "api.finishedmatch",
    "pk": 12,
    "fields": {
        "endDate": "2018-03-19T16:55:44Z"
    }
},
{
    "model": "api.finishedmatch",
    "pk": 13,
    "fields": {
        "endDate": "2018-03-19T16:56:00Z"
    }
},
{
    "model": "api.finishedmatch",
    "pk": 14,
    "fields": {
        "endDate": "2018-03-19T16:56:18Z"
    }
},
{
    "model": "api.finishedmatch",
    "pk": 15,
    "fields": {
        "endDate": "2018-03-19T16:58:18Z"
    }
},
{
    "model": "api.finishedmatch",
    "pk": 16,
    "fields": {
        "endDate": "2018-03-19T16:58:40Z"
    }
},
{
    "model": "api.finishedmatch",
    "pk": 17,
    "fields": {
        "endDate": "2018-03-19T16:58:59Z"
    }
},
{
    "model": "api.finishedmatch",
    "pk": 18,
    "fields": {
        "endDate": "2018-03-19T16:59:19Z"
    }
},
{
    "model": "api.finishedmatch",
    "pk": 19,
    "fields": {
        "endDate": "2018-03-19T16:59:35Z"
    }
},
{
    "model": "api.finishedmatch",
    "pk": 20,
    "fields": {
        "endDate": "2018-03-19T16:59:51Z"
    }
}
]
