[
    {
        "model": "api.interested",
        "pk": 0,
        "fields": {
            "first_name": "Agnivah",
            "last_name": "Poddar",
            "formerBoardMember": false,
            "email": "apoddar3@illinois.edu"
        }
    },
    {
        "model": "api.interested",
        "pk": 1,
        "fields": {
            "first_name": "Bao",
            "last_name": "Lam",
            "formerBoardMember": false,
            "email": "baobl2@illinois.edu"
        }
    },
    {
        "model": "api.interested",
        "pk": 2,
        "fields": {
            "first_name": "Denghang",
            "last_name": "Chen",
            "formerBoardMember": false,
            "email": "dhchen3@illinois.edu"
        }
    },
    {
        "model": "api.interested",
        "pk": 3,
        "fields": {
            "first_name": "Di",
            "last_name": "When",
            "formerBoardMember": false,
            "email": "diwen2@illinois.edu"
        }
    },
    {
        "model": "api.interested",
        "pk": 4,
        "fields": {
            "first_name": "Donald",
            "last_name": "Trump",
            "formerBoardMember": false,
            "email": "donald@gmail.com"
        }
    },
    {
        "model": "api.interested",
        "pk": 5,
        "fields": {
            "first_name": "Donghao",
            "last_name": "Shi",
            "formerBoardMember": false,
            "email": "donghao2@illinois.edu"
        }
    },
    {
        "model": "api.interested",
        "pk": 6,
        "fields": {
            "first_name": "Krishna",
            "last_name": "Dusad",
            "formerBoardMember": false,
            "email": "dusad2@illinois.edu"
        }
    },
    {
        "model": "api.interested",
        "pk": 7,
        "fields": {
            "first_name": "Edward",
            "last_name": "Wang",
            "formerBoardMember": false,
            "email": "dwang47@illinois.edu"
        }
    },
    {
        "model": "api.interested",
        "pk": 8,
        "fields": {
            "first_name": "Eddie",
            "last_name": "Huang",
            "formerBoardMember": false,
            "email": "ezhuang2@illinois.edu"
        }
    },
    {
        "model": "api.interested",
        "pk": 9,
        "fields": {
            "first_name": "Harry",
            "last_name": "Ren",
            "formerBoardMember": false,
            "email": "harryr2@illinois.edu"
        }
    },
    {
        "model": "api.interested",
        "pk": 10,
        "fields": {
            "first_name": "Harsh",
            "last_name": "Harpalani",
            "formerBoardMember": false,
            "email": "harshh2@illinois.edu"
        }
    },
    {
        "model": "api.interested",
        "pk": 11,
        "fields": {
            "first_name": "Jae",
            "last_name": "Park",
            "formerBoardMember": false,
            "email": "jaemanp2@illinois.edu"
        }
    },
    {
        "model": "api.interested",
        "pk": 12,
        "fields": {
            "first_name": "Jane",
            "last_name": "C",
            "formerBoardMember": false,
            "email": "janec3@illinois.edu"
        }
    },
    {
        "model": "api.interested",
        "pk": 13,
        "fields": {
            "first_name": "Jenny",
            "last_name": "Chu",
            "formerBoardMember": false,
            "email": "jchu15@illinois.edu"
        }
    },
    {
        "model": "api.interested",
        "pk": 14,
        "fields": {
            "first_name": "Jiayi",
            "last_name": "Huang",
            "formerBoardMember": false,
            "email": "jiayih4@illinois.edu"
        }
    },
    {
        "model": "api.interested",
        "pk": 15,
        "fields": {
            "first_name": "Joshua",
            "last_name": "Cheng",
            "formerBoardMember": false,
            "email": "joshuac6@illinois.edu"
        }
    },
    {
        "model": "api.interested",
        "pk": 16,
        "fields": {
            "first_name": "Jun",
            "last_name": "Yang",
            "formerBoardMember": false,
            "email": "jyang98@illinois.edu"
        }
    },
    {
        "model": "api.interested",
        "pk": 17,
        "fields": {
            "first_name": "Gary",
            "last_name": "Lan",
            "formerBoardMember": false,
            "email": "lan10@illinois.edu"
        }
    },
    {
        "model": "api.interested",
        "pk": 18,
        "fields": {
            "first_name": "LiXiang",
            "last_name": "Dong",
            "formerBoardMember": false,
            "email": "lixiang2@illinois.edu"
        }
    },
    {
        "model": "api.interested",
        "pk": 19,
        "fields": {
            "first_name": "Mithin",
            "last_name": "Nehrubabu",
            "formerBoardMember": false,
            "email": "mithin@illinois.edu"
        }
    },
    {
        "model": "api.interested",
        "pk": 20,
        "fields": {
            "first_name": "Barack",
            "last_name": "Obama",
            "formerBoardMember": true,
            "email": "obama@gmail.com"
        }
    },
    {
        "model": "api.interested",
        "pk": 21,
        "fields": {
            "first_name": "Paul",
            "last_name": "Ryan",
            "formerBoardMember": false,
            "email": "paul@gmail.com"
        }
    },
    {
        "model": "api.interested",
        "pk": 22,
        "fields": {
            "first_name": "Perry",
            "last_name": "Xu",
            "formerBoardMember": false,
            "email": "peiyuxu2@illinois.edu"
        }
    },
    {
        "model": "api.interested",
        "pk": 23,
        "fields": {
            "first_name": "Rosa",
            "last_name": "Rios",
            "formerBoardMember": false,
            "email": "rosa@gmail.com"
        }
    },
    {
        "model": "api.interested",
        "pk": 24,
        "fields": {
            "first_name": "Sarith",
            "last_name": "B",
            "formerBoardMember": false,
            "email": "srb2@illinois.edu"
        }
    },
    {
        "model": "api.interested",
        "pk": 25,
        "fields": {
            "first_name": "Sujay",
            "last_name": "Dasgupta",
            "formerBoardMember": false,
            "email": "sujayd2@illinois.edu"
        }
    },
    {
        "model": "api.interested",
        "pk": 26,
        "fields": {
            "first_name": "Surya",
            "last_name": "Nair",
            "formerBoardMember": false,
            "email": "suryasn2@illinois.edu"
        }
    },
    {
        "model": "api.interested",
        "pk": 27,
        "fields": {
            "first_name": "Tina",
            "last_name": "Guo",
            "formerBoardMember": false,
            "email": "tinag2@illinois.edu"
        }
    },
    {
        "model": "api.interested",
        "pk": 28,
        "fields": {
            "first_name": "Tim",
            "last_name": "You",
            "formerBoardMember": false,
            "email": "tyou4@illinois.edu"
        }
    },
    {
        "model": "api.interested",
        "pk": 29,
        "fields": {
            "first_name": "Yike",
            "last_name": "Li",
            "formerBoardMember": false,
            "email": "yikeli2@illinois.edu"
        }
    },
    {
        "model": "api.interested",
        "pk": 30,
        "fields": {
            "first_name": "Hannah",
            "last_name": "Leung",
            "formerBoardMember": false,
            "email": "yleung5@illinois.edu"
        }
    },
    {
        "model": "api.interested",
        "pk": 31,
        "fields": {
            "first_name": "Yifan",
            "last_name": "Zhao",
            "formerBoardMember": false,
            "email": "yzhao221@illinois.edu"
        }
    },
    {
        "model": "api.interested",
        "pk": 32,
        "fields": {
            "first_name": "Zack",
            "last_name": "Shen",
            "formerBoardMember": false,
            "email": "zshen5@illinois.edu"
        }
    },
    {
        "model": "api.member",
        "pk": 0,
        "fields": {
            "level": 0,
            "private": false,
            "dateJoined": "2018-03-19",
            "party": null,
            "bio": ""
        }
    },
    {
        "model": "api.member",
        "pk": 1,
        "fields": {
            "level": 0,
            "private": false,
            "dateJoined": "2018-03-19",
            "party": null,
            "bio": ""
        }
    },
    {
        "model": "api.member",
        "pk": 2,
        "fields": {
            "level": 0,
            "private": false,
            "dateJoined": "2018-03-19",
            "party": null,
            "bio": ""
        }
    },
    {
        "model": "api.member",
        "pk": 3,
        "fields": {
            "level": 0,
            "private": false,
            "dateJoined": "2018-03-19",
            "party": null,
            "bio": ""
        }
    },
    {
        "model": "api.member",
        "pk": 4,
        "fields": {
            "level": 0,
            "private": false,
            "dateJoined": "2018-03-25",
            "party": null,
            "bio": "It's tangible, it's solid, it's beautiful. It's artistic, from my standpoint, and I just love real estate."
        }
    },
    {
        "model": "api.member",
        "pk": 5,
        "fields": {
            "level": 0,
            "private": false,
            "dateJoined": "2018-03-19",
            "party": null,
            "bio": ""
        }
    },
    {
        "model": "api.member",
        "pk": 6,
        "fields": {
            "level": 0,
            "private": false,
            "dateJoined": "2018-03-19",
            "party": null,
            "bio": ""
        }
    },
    {
        "model": "api.member",
        "pk": 7,
        "fields": {
            "level": 0,
            "private": false,
            "dateJoined": "2018-03-19",
            "party": null,
            "bio": ""
        }
    },
    {
        "model": "api.member",
        "pk": 8,
        "fields": {
            "level": 0,
            "private": false,
            "dateJoined": "2018-03-19",
            "party": null,
            "bio": ""
        }
    },
    {
        "model": "api.member",
        "pk": 9,
        "fields": {
            "level": 0,
            "private": false,
            "dateJoined": "2018-03-19",
            "party": null,
            "bio": ""
        }
    },
    {
        "model": "api.member",
        "pk": 10,
        "fields": {
            "level": 0,
            "private": false,
            "dateJoined": "2018-03-19",
            "party": null,
            "bio": ""
        }
    },
    {
        "model": "api.member",
        "pk": 11,
        "fields": {
            "level": 0,
            "private": false,
            "dateJoined": "2018-03-19",
            "party": null,
            "bio": ""
        }
    },
    {
        "model": "api.member",
        "pk": 12,
        "fields": {
            "level": 0,
            "private": false,
            "dateJoined": "2018-03-19",
            "party": null,
            "bio": ""
        }
    },
    {
        "model": "api.member",
        "pk": 13,
        "fields": {
            "level": 0,
            "private": false,
            "dateJoined": "2018-03-19",
            "party": null,
            "bio": ""
        }
    },
    {
        "model": "api.member",
        "pk": 14,
        "fields": {
            "level": 0,
            "private": false,
            "dateJoined": "2018-03-19",
            "party": null,
            "bio": ""
        }
    },
    {
        "model": "api.member",
        "pk": 15,
        "fields": {
            "level": 0,
            "private": false,
            "dateJoined": "2018-03-19",
            "party": null,
            "bio": ""
        }
    },
    {
        "model": "api.member",
        "pk": 16,
        "fields": {
            "level": 0,
            "private": false,
            "dateJoined": "2018-03-19",
            "party": null,
            "bio": ""
        }
    },
    {
        "model": "api.member",
        "pk": 17,
        "fields": {
            "level": 0,
            "private": false,
            "dateJoined": "2018-03-19",
            "party": null,
            "bio": ""
        }
    },
    {
        "model": "api.member",
        "pk": 18,
        "fields": {
            "level": 0,
            "private": false,
            "dateJoined": "2018-03-19",
            "party": null,
            "bio": ""
        }
    },
    {
        "model": "api.member",
        "pk": 19,
        "fields": {
            "level": 0,
            "private": false,
            "dateJoined": "2018-03-19",
            "party": null,
            "bio": ""
        }
    },
    {
        "model": "api.member",
        "pk": 20,
        "fields": {
            "level": 99999,
            "private": false,
            "dateJoined": "2018-03-25",
            "party": null,
            "bio": "Former President of the United States"
        }
    },
    {
        "model": "api.member",
        "pk": 21,
        "fields": {
            "level": 0,
            "private": false,
            "dateJoined": "2018-03-25",
            "party": null,
            "bio": "Hi I"
        }
    },
    {
        "model": "api.member",
        "pk": 22,
        "fields": {
            "level": 0,
            "private": false,
            "dateJoined": "2018-03-19",
            "party": null,
            "bio": ""
        }
    },
    {
        "model": "api.member",
        "pk": 23,
        "fields": {
            "level": 0,
            "private": false,
            "dateJoined": "2018-03-25",
            "party": null,
            "bio": "The current treasurer Rosa Gumataotao Rios, the sixth Latina ever to hold the job, advises top Treasury and finance officials and directly oversees the U.S. Mint and the Bureau of Engraving and Printing."
        }
    },
    {
        "model": "api.member",
        "pk": 24,
        "fields": {
            "level": 0,
            "private": false,
            "dateJoined": "2018-03-19",
            "party": null,
            "bio": ""
        }
    },
    {
        "model": "api.member",
        "pk": 25,
        "fields": {
            "level": 0,
            "private": false,
            "dateJoined": "2018-03-19",
            "party": null,
            "bio": ""
        }
    },
    {
        "model": "api.member",
        "pk": 26,
        "fields": {
            "level": 0,
            "private": false,
            "dateJoined": "2018-03-19",
            "party": null,
            "bio": ""
        }
    },
    {
        "model": "api.member",
        "pk": 27,
        "fields": {
            "level": 0,
            "private": false,
            "dateJoined": "2018-03-19",
            "party": null,
            "bio": ""
        }
    },
    {
        "model": "api.member",
        "pk": 28,
        "fields": {
            "level": 0,
            "private": false,
            "dateJoined": "2018-03-19",
            "party": null,
            "bio": ""
        }
    },
    {
        "model": "api.member",
        "pk": 29,
        "fields": {
            "level": 0,
            "private": false,
            "dateJoined": "2018-03-19",
            "party": null,
            "bio": ""
        }
    },
    {
        "model": "api.member",
        "pk": 30,
        "fields": {
            "level": 0,
            "private": false,
            "dateJoined": "2018-03-19",
            "party": null,
            "bio": ""
        }
    },
    {
        "model": "api.member",
        "pk": 31,
        "fields": {
            "level": 0,
            "private": false,
            "dateJoined": "2018-03-19",
            "party": null,
            "bio": ""
        }
    },
    {
        "model": "api.member",
        "pk": 32,
        "fields": {
            "level": 0,
            "private": false,
            "dateJoined": "2018-03-19",
            "party": null,
            "bio": ""
        }
    },
    {
        "model": "api.boardmember",
        "pk": 8,
        "fields": {
            "job": "PRESIDENT"
        }
    },
    {
        "model": "api.boardmember",
        "pk": 30,
        "fields": {
            "job": "OFFICER"
        }
    },
    {
        "model": "api.election",
        "pk": 0,
        "fields": {
            "date": "2018-03-25",
            "endDate": null
        }
    },
    {
        "model": "api.campaign",
        "pk": 1,
        "fields": {
            "job": "PRESIDENT",
            "pitch": "Make Badminton Great Again",
            "election": 0,
            "campaigner": 8
        }
    },
    {
        "model": "api.campaign",
        "pk": 2,
        "fields": {
            "job": "PRESIDENT",
            "pitch": "Hi I'm Eddie",
            "election": 0,
            "campaigner": 8
        }
    },
    {
        "model": "api.campaign",
        "pk": 3,
        "fields": {
            "job": "PRESIDENT",
            "pitch": "Change We can Believe In",
            "election": 0,
            "campaigner": 20
        }
    },
    {
        "model": "api.campaign",
        "pk": 4,
        "fields": {
            "job": "OFFICER",
            "pitch": "Our founders got it right when they wrote in the Declaration of Independence that our rights come from nature and nature's God, not from government.",
            "election": 0,
            "campaigner": 21
        }
    },
    {
        "model": "api.campaign",
        "pk": 5,
        "fields": {
            "job": "TREASURER",
            "pitch": "The current treasurer Rosa Gumataotao Rios, the sixth Latina ever to hold the job, advises top Treasury and finance officials and directly oversees the U.S. Mint and the Bureau of Engraving and Printing.",
            "election": 0,
            "campaigner": 23
        }
    },
    {
        "model": "api.campaign",
        "pk": 6,
        "fields": {
            "job": "PRESIDENT",
            "pitch": "We're going to build a net, and we're going to make Purdue pay for it",
            "election": 0,
            "campaigner": 4
        }
    },
    {
        "model": "api.match",
        "pk": 1,
        "fields": {
            "startDateTime": "2018-03-19T16:47:37Z",
            "scoreA": 16,
            "scoreB": 21,
            "court": null,
            "tournament": null,
            "endDateTime": null
        }
    },
    {
        "model": "api.match",
        "pk": 2,
        "fields": {
            "startDateTime": "2018-03-19T16:49:10Z",
            "scoreA": 19,
            "scoreB": 21,
            "court": null,
            "tournament": null,
            "endDateTime": null
        }
    },
    {
        "model": "api.match",
        "pk": 3,
        "fields": {
            "startDateTime": "2018-03-19T16:50:42Z",
            "scoreA": 5,
            "scoreB": 21,
            "court": null,
            "tournament": null,
            "endDateTime": null
        }
    },
    {
        "model": "api.match",
        "pk": 4,
        "fields": {
            "startDateTime": "2018-03-19T16:51:04Z",
            "scoreA": 21,
            "scoreB": 16,
            "court": null,
            "tournament": null,
            "endDateTime": null
        }
    },
    {
        "model": "api.match",
        "pk": 5,
        "fields": {
            "startDateTime": "2018-03-19T16:53:07Z",
            "scoreA": 16,
            "scoreB": 21,
            "court": null,
            "tournament": null,
            "endDateTime": null
        }
    },
    {
        "model": "api.match",
        "pk": 6,
        "fields": {
            "startDateTime": "2018-03-19T16:53:35Z",
            "scoreA": 21,
            "scoreB": 19,
            "court": null,
            "tournament": null,
            "endDateTime": null
        }
    },
    {
        "model": "api.match",
        "pk": 7,
        "fields": {
            "startDateTime": "2018-03-19T16:53:52Z",
            "scoreA": 11,
            "scoreB": 21,
            "court": null,
            "tournament": null,
            "endDateTime": null
        }
    },
    {
        "model": "api.match",
        "pk": 8,
        "fields": {
            "startDateTime": "2018-03-19T16:54:06Z",
            "scoreA": 21,
            "scoreB": 15,
            "court": null,
            "tournament": null,
            "endDateTime": null
        }
    },
    {
        "model": "api.match",
        "pk": 9,
        "fields": {
            "startDateTime": "2018-03-19T16:54:18Z",
            "scoreA": 11,
            "scoreB": 21,
            "court": null,
            "tournament": null,
            "endDateTime": null
        }
    },
    {
        "model": "api.match",
        "pk": 10,
        "fields": {
            "startDateTime": "2018-03-19T16:54:43Z",
            "scoreA": 14,
            "scoreB": 21,
            "court": null,
            "tournament": null,
            "endDateTime": null
        }
    },
    {
        "model": "api.match",
        "pk": 11,
        "fields": {
            "startDateTime": "2018-03-19T16:55:17Z",
            "scoreA": 10,
            "scoreB": 21,
            "court": null,
            "tournament": null,
            "endDateTime": null
        }
    },
    {
        "model": "api.match",
        "pk": 12,
        "fields": {
            "startDateTime": "2018-03-19T16:55:34Z",
            "scoreA": 14,
            "scoreB": 21,
            "court": null,
            "tournament": null,
            "endDateTime": null
        }
    },
    {
        "model": "api.match",
        "pk": 13,
        "fields": {
            "startDateTime": "2018-03-19T16:55:52Z",
            "scoreA": 21,
            "scoreB": 10,
            "court": null,
            "tournament": null,
            "endDateTime": null
        }
    },
    {
        "model": "api.match",
        "pk": 14,
        "fields": {
            "startDateTime": "2018-03-19T16:56:06Z",
            "scoreA": 26,
            "scoreB": 24,
            "court": null,
            "tournament": null,
            "endDateTime": null
        }
    },
    {
        "model": "api.match",
        "pk": 15,
        "fields": {
            "startDateTime": "2018-03-19T16:58:10Z",
            "scoreA": 21,
            "scoreB": 10,
            "court": null,
            "tournament": null,
            "endDateTime": null
        }
    },
    {
        "model": "api.match",
        "pk": 16,
        "fields": {
            "startDateTime": "2018-03-19T16:58:25Z",
            "scoreA": 19,
            "scoreB": 21,
            "court": null,
            "tournament": null,
            "endDateTime": null
        }
    },
    {
        "model": "api.match",
        "pk": 17,
        "fields": {
            "startDateTime": "2018-03-19T16:58:50Z",
            "scoreA": 21,
            "scoreB": 15,
            "court": null,
            "tournament": null,
            "endDateTime": null
        }
    },
    {
        "model": "api.match",
        "pk": 18,
        "fields": {
            "startDateTime": "2018-03-19T16:59:05Z",
            "scoreA": 10,
            "scoreB": 21,
            "court": null,
            "tournament": null,
            "endDateTime": null
        }
    },
    {
        "model": "api.match",
        "pk": 19,
        "fields": {
            "startDateTime": "2018-03-19T16:59:26Z",
            "scoreA": 21,
            "scoreB": 8,
            "court": null,
            "tournament": null,
            "endDateTime": null
        }
    },
    {
        "model": "api.match",
        "pk": 20,
        "fields": {
            "startDateTime": "2018-03-19T16:59:42Z",
            "scoreA": 21,
            "scoreB": 12,
            "court": null,
            "tournament": null,
            "endDateTime": null
        }
    },
    {
        "model": "api.match",
        "pk": 21,
        "fields": {
            "startDateTime": "2018-03-23T17:37:59Z",
            "scoreA": 12,
            "scoreB": 23,
            "court": null,
            "tournament": null,
            "endDateTime": null
        }
    },
    {
        "model": "api.playedin",
        "pk": 0,
        "fields": {
            "member": 28,
            "team": "A",
            "match": 1
        }
    },
    {
        "model": "api.playedin",
        "pk": 1,
        "fields": {
            "member": 25,
            "team": "B",
            "match": 1
        }
    },
    {
        "model": "api.playedin",
        "pk": 2,
        "fields": {
            "member": 0,
            "team": "A",
            "match": 2
        }
    },
    {
        "model": "api.playedin",
        "pk": 3,
        "fields": {
            "member": 9,
            "team": "B",
            "match": 2
        }
    },
    {
        "model": "api.playedin",
        "pk": 4,
        "fields": {
            "member": 22,
            "team": "A",
            "match": 3
        }
    },
    {
        "model": "api.playedin",
        "pk": 5,
        "fields": {
            "member": 25,
            "team": "B",
            "match": 3
        }
    },
    {
        "model": "api.playedin",
        "pk": 6,
        "fields": {
            "member": 25,
            "team": "A",
            "match": 4
        }
    },
    {
        "model": "api.playedin",
        "pk": 7,
        "fields": {
            "member": 16,
            "team": "B",
            "match": 4
        }
    },
    {
        "model": "api.playedin",
        "pk": 8,
        "fields": {
            "member": 9,
            "team": "A",
            "match": 5
        }
    },
    {
        "model": "api.playedin",
        "pk": 9,
        "fields": {
            "member": 10,
            "team": "B",
            "match": 5
        }
    },
    {
        "model": "api.playedin",
        "pk": 10,
        "fields": {
            "member": 3,
            "team": "A",
            "match": 6
        }
    },
    {
        "model": "api.playedin",
        "pk": 11,
        "fields": {
            "member": 0,
            "team": "B",
            "match": 6
        }
    },
    {
        "model": "api.playedin",
        "pk": 12,
        "fields": {
            "member": 9,
            "team": "A",
            "match": 7
        }
    },
    {
        "model": "api.playedin",
        "pk": 13,
        "fields": {
            "member": 25,
            "team": "B",
            "match": 7
        }
    },
    {
        "model": "api.playedin",
        "pk": 14,
        "fields": {
            "member": 6,
            "team": "A",
            "match": 8
        }
    },
    {
        "model": "api.playedin",
        "pk": 15,
        "fields": {
            "member": 8,
            "team": "B",
            "match": 8
        }
    },
    {
        "model": "api.playedin",
        "pk": 16,
        "fields": {
            "member": 3,
            "team": "A",
            "match": 9
        }
    },
    {
        "model": "api.playedin",
        "pk": 17,
        "fields": {
            "member": 7,
            "team": "B",
            "match": 9
        }
    },
    {
        "model": "api.playedin",
        "pk": 18,
        "fields": {
            "member": 24,
            "team": "A",
            "match": 10
        }
    },
    {
        "model": "api.playedin",
        "pk": 19,
        "fields": {
            "member": 6,
            "team": "B",
            "match": 10
        }
    },
    {
        "model": "api.playedin",
        "pk": 20,
        "fields": {
            "member": 28,
            "team": "A",
            "match": 11
        }
    },
    {
        "model": "api.playedin",
        "pk": 21,
        "fields": {
            "member": 10,
            "team": "B",
            "match": 11
        }
    },
    {
        "model": "api.playedin",
        "pk": 22,
        "fields": {
            "member": 30,
            "team": "A",
            "match": 12
        }
    },
    {
        "model": "api.playedin",
        "pk": 23,
        "fields": {
            "member": 28,
            "team": "B",
            "match": 12
        }
    },
    {
        "model": "api.playedin",
        "pk": 24,
        "fields": {
            "member": 14,
            "team": "A",
            "match": 13
        }
    },
    {
        "model": "api.playedin",
        "pk": 25,
        "fields": {
            "member": 1,
            "team": "B",
            "match": 13
        }
    },
    {
        "model": "api.playedin",
        "pk": 26,
        "fields": {
            "member": 12,
            "team": "A",
            "match": 14
        }
    },
    {
        "model": "api.playedin",
        "pk": 27,
        "fields": {
            "member": 13,
            "team": "B",
            "match": 14
        }
    },
    {
        "model": "api.playedin",
        "pk": 28,
        "fields": {
            "member": 15,
            "team": "A",
            "match": 15
        }
    },
    {
        "model": "api.playedin",
        "pk": 29,
        "fields": {
            "member": 32,
            "team": "B",
            "match": 15
        }
    },
    {
        "model": "api.playedin",
        "pk": 30,
        "fields": {
            "member": 1,
            "team": "A",
            "match": 16
        }
    },
    {
        "model": "api.playedin",
        "pk": 31,
        "fields": {
            "member": 9,
            "team": "B",
            "match": 16
        }
    },
    {
        "model": "api.playedin",
        "pk": 32,
        "fields": {
            "member": 10,
            "team": "A",
            "match": 17
        }
    },
    {
        "model": "api.playedin",
        "pk": 33,
        "fields": {
            "member": 18,
            "team": "B",
            "match": 17
        }
    },
    {
        "model": "api.playedin",
        "pk": 34,
        "fields": {
            "member": 30,
            "team": "A",
            "match": 18
        }
    },
    {
        "model": "api.playedin",
        "pk": 35,
        "fields": {
            "member": 16,
            "team": "B",
            "match": 18
        }
    },
    {
        "model": "api.playedin",
        "pk": 36,
        "fields": {
            "member": 3,
            "team": "A",
            "match": 19
        }
    },
    {
        "model": "api.playedin",
        "pk": 37,
        "fields": {
            "member": 27,
            "team": "B",
            "match": 19
        }
    },
    {
        "model": "api.playedin",
        "pk": 38,
        "fields": {
            "member": 29,
            "team": "B",
            "match": 20
        }
    },
    {
        "model": "api.playedin",
        "pk": 39,
        "fields": {
            "member": 25,
            "team": "A",
            "match": 20
        }
    },
    {
        "model": "contenttypes.contenttype",
        "pk": 1,
        "fields": {
            "app_label": "api",
            "model": "announcement"
        }
    },
    {
        "model": "contenttypes.contenttype",
        "pk": 2,
        "fields": {
            "app_label": "api",
            "model": "campaign"
        }
    },
    {
        "model": "contenttypes.contenttype",
        "pk": 3,
        "fields": {
            "app_label": "api",
            "model": "court"
        }
    },
    {
        "model": "contenttypes.contenttype",
        "pk": 4,
        "fields": {
            "app_label": "api",
            "model": "election"
        }
    },
    {
        "model": "contenttypes.contenttype",
        "pk": 5,
        "fields": {
            "app_label": "api",
            "model": "interested"
        }
    },
    {
        "model": "contenttypes.contenttype",
        "pk": 6,
        "fields": {
            "app_label": "api",
            "model": "match"
        }
    },
    {
        "model": "contenttypes.contenttype",
        "pk": 7,
        "fields": {
            "app_label": "api",
            "model": "party"
        }
    },
    {
        "model": "contenttypes.contenttype",
        "pk": 8,
        "fields": {
            "app_label": "api",
            "model": "playedin"
        }
    },
    {
        "model": "contenttypes.contenttype",
        "pk": 9,
        "fields": {
            "app_label": "api",
            "model": "queue"
        }
    },
    {
        "model": "contenttypes.contenttype",
        "pk": 10,
        "fields": {
            "app_label": "api",
            "model": "schedule"
        }
    },
    {
        "model": "contenttypes.contenttype",
        "pk": 11,
        "fields": {
            "app_label": "api",
            "model": "tournament"
        }
    },
    {
        "model": "contenttypes.contenttype",
        "pk": 12,
        "fields": {
            "app_label": "api",
            "model": "vote"
        }
    },
    {
        "model": "contenttypes.contenttype",
        "pk": 13,
        "fields": {
            "app_label": "api",
            "model": "finishedmatch"
        }
    },
    {
        "model": "contenttypes.contenttype",
        "pk": 14,
        "fields": {
            "app_label": "api",
            "model": "member"
        }
    },
    {
        "model": "contenttypes.contenttype",
        "pk": 15,
        "fields": {
            "app_label": "api",
            "model": "boardmember"
        }
    },
    {
        "model": "contenttypes.contenttype",
        "pk": 16,
        "fields": {
            "app_label": "admin",
            "model": "logentry"
        }
    },
    {
        "model": "contenttypes.contenttype",
        "pk": 17,
        "fields": {
            "app_label": "auth",
            "model": "permission"
        }
    },
    {
        "model": "contenttypes.contenttype",
        "pk": 18,
        "fields": {
            "app_label": "auth",
            "model": "group"
        }
    },
    {
        "model": "contenttypes.contenttype",
        "pk": 19,
        "fields": {
            "app_label": "auth",
            "model": "user"
        }
    },
    {
        "model": "contenttypes.contenttype",
        "pk": 20,
        "fields": {
            "app_label": "contenttypes",
            "model": "contenttype"
        }
    },
    {
        "model": "contenttypes.contenttype",
        "pk": 21,
        "fields": {
            "app_label": "sessions",
            "model": "session"
        }
    },
    {
        "model": "sessions.session",
        "pk": "z6076n58rpi8rcppywejdf6o8funjmxe",
        "fields": {
            "session_data": "MTQ0Mzc2YzU0NWQ0YjkyOGJjM2ZiNjhlYTBmOTAzYTUyNWQzNmQ3ODp7Il9hdXRoX3VzZXJfaWQiOiIxIiwiX2F1dGhfdXNlcl9iYWNrZW5kIjoiZGphbmdvLmNvbnRyaWIuYXV0aC5iYWNrZW5kcy5Nb2RlbEJhY2tlbmQiLCJfYXV0aF91c2VyX2hhc2giOiI2NTc3MGUxZThiNDI5ODY1YWU0YTk1MDJlZmQ2N2RlZGJlNmNkODI4In0=",
            "expire_date": "2018-04-09T16:32:08.482Z"
        }
    },
    {
        "model": "auth.permission",
        "pk": 1,
        "fields": {
            "name": "Can add announcement",
            "content_type": 1,
            "codename": "add_announcement"
        }
    },
    {
        "model": "auth.permission",
        "pk": 2,
        "fields": {
            "name": "Can change announcement",
            "content_type": 1,
            "codename": "change_announcement"
        }
    },
    {
        "model": "auth.permission",
        "pk": 3,
        "fields": {
            "name": "Can delete announcement",
            "content_type": 1,
            "codename": "delete_announcement"
        }
    },
    {
        "model": "auth.permission",
        "pk": 4,
        "fields": {
            "name": "Can add campaign",
            "content_type": 2,
            "codename": "add_campaign"
        }
    },
    {
        "model": "auth.permission",
        "pk": 5,
        "fields": {
            "name": "Can change campaign",
            "content_type": 2,
            "codename": "change_campaign"
        }
    },
    {
        "model": "auth.permission",
        "pk": 6,
        "fields": {
            "name": "Can delete campaign",
            "content_type": 2,
            "codename": "delete_campaign"
        }
    },
    {
        "model": "auth.permission",
        "pk": 7,
        "fields": {
            "name": "Can add court",
            "content_type": 3,
            "codename": "add_court"
        }
    },
    {
        "model": "auth.permission",
        "pk": 8,
        "fields": {
            "name": "Can change court",
            "content_type": 3,
            "codename": "change_court"
        }
    },
    {
        "model": "auth.permission",
        "pk": 9,
        "fields": {
            "name": "Can delete court",
            "content_type": 3,
            "codename": "delete_court"
        }
    },
    {
        "model": "auth.permission",
        "pk": 10,
        "fields": {
            "name": "Can add election",
            "content_type": 4,
            "codename": "add_election"
        }
    },
    {
        "model": "auth.permission",
        "pk": 11,
        "fields": {
            "name": "Can change election",
            "content_type": 4,
            "codename": "change_election"
        }
    },
    {
        "model": "auth.permission",
        "pk": 12,
        "fields": {
            "name": "Can delete election",
            "content_type": 4,
            "codename": "delete_election"
        }
    },
    {
        "model": "auth.permission",
        "pk": 13,
        "fields": {
            "name": "Can add interested",
            "content_type": 5,
            "codename": "add_interested"
        }
    },
    {
        "model": "auth.permission",
        "pk": 14,
        "fields": {
            "name": "Can change interested",
            "content_type": 5,
            "codename": "change_interested"
        }
    },
    {
        "model": "auth.permission",
        "pk": 15,
        "fields": {
            "name": "Can delete interested",
            "content_type": 5,
            "codename": "delete_interested"
        }
    },
    {
        "model": "auth.permission",
        "pk": 16,
        "fields": {
            "name": "Can add match",
            "content_type": 6,
            "codename": "add_match"
        }
    },
    {
        "model": "auth.permission",
        "pk": 17,
        "fields": {
            "name": "Can change match",
            "content_type": 6,
            "codename": "change_match"
        }
    },
    {
        "model": "auth.permission",
        "pk": 18,
        "fields": {
            "name": "Can delete match",
            "content_type": 6,
            "codename": "delete_match"
        }
    },
    {
        "model": "auth.permission",
        "pk": 19,
        "fields": {
            "name": "Can add party",
            "content_type": 7,
            "codename": "add_party"
        }
    },
    {
        "model": "auth.permission",
        "pk": 20,
        "fields": {
            "name": "Can change party",
            "content_type": 7,
            "codename": "change_party"
        }
    },
    {
        "model": "auth.permission",
        "pk": 21,
        "fields": {
            "name": "Can delete party",
            "content_type": 7,
            "codename": "delete_party"
        }
    },
    {
        "model": "auth.permission",
        "pk": 22,
        "fields": {
            "name": "Can add played in",
            "content_type": 8,
            "codename": "add_playedin"
        }
    },
    {
        "model": "auth.permission",
        "pk": 23,
        "fields": {
            "name": "Can change played in",
            "content_type": 8,
            "codename": "change_playedin"
        }
    },
    {
        "model": "auth.permission",
        "pk": 24,
        "fields": {
            "name": "Can delete played in",
            "content_type": 8,
            "codename": "delete_playedin"
        }
    },
    {
        "model": "auth.permission",
        "pk": 25,
        "fields": {
            "name": "Can add queue",
            "content_type": 9,
            "codename": "add_queue"
        }
    },
    {
        "model": "auth.permission",
        "pk": 26,
        "fields": {
            "name": "Can change queue",
            "content_type": 9,
            "codename": "change_queue"
        }
    },
    {
        "model": "auth.permission",
        "pk": 27,
        "fields": {
            "name": "Can delete queue",
            "content_type": 9,
            "codename": "delete_queue"
        }
    },
    {
        "model": "auth.permission",
        "pk": 28,
        "fields": {
            "name": "Can add schedule",
            "content_type": 10,
            "codename": "add_schedule"
        }
    },
    {
        "model": "auth.permission",
        "pk": 29,
        "fields": {
            "name": "Can change schedule",
            "content_type": 10,
            "codename": "change_schedule"
        }
    },
    {
        "model": "auth.permission",
        "pk": 30,
        "fields": {
            "name": "Can delete schedule",
            "content_type": 10,
            "codename": "delete_schedule"
        }
    },
    {
        "model": "auth.permission",
        "pk": 31,
        "fields": {
            "name": "Can add tournament",
            "content_type": 11,
            "codename": "add_tournament"
        }
    },
    {
        "model": "auth.permission",
        "pk": 32,
        "fields": {
            "name": "Can change tournament",
            "content_type": 11,
            "codename": "change_tournament"
        }
    },
    {
        "model": "auth.permission",
        "pk": 33,
        "fields": {
            "name": "Can delete tournament",
            "content_type": 11,
            "codename": "delete_tournament"
        }
    },
    {
        "model": "auth.permission",
        "pk": 34,
        "fields": {
            "name": "Can add vote",
            "content_type": 12,
            "codename": "add_vote"
        }
    },
    {
        "model": "auth.permission",
        "pk": 35,
        "fields": {
            "name": "Can change vote",
            "content_type": 12,
            "codename": "change_vote"
        }
    },
    {
        "model": "auth.permission",
        "pk": 36,
        "fields": {
            "name": "Can delete vote",
            "content_type": 12,
            "codename": "delete_vote"
        }
    },
    {
        "model": "auth.permission",
        "pk": 37,
        "fields": {
            "name": "Can add finished match",
            "content_type": 13,
            "codename": "add_finishedmatch"
        }
    },
    {
        "model": "auth.permission",
        "pk": 38,
        "fields": {
            "name": "Can change finished match",
            "content_type": 13,
            "codename": "change_finishedmatch"
        }
    },
    {
        "model": "auth.permission",
        "pk": 39,
        "fields": {
            "name": "Can delete finished match",
            "content_type": 13,
            "codename": "delete_finishedmatch"
        }
    },
    {
        "model": "auth.permission",
        "pk": 40,
        "fields": {
            "name": "Can add member",
            "content_type": 14,
            "codename": "add_member"
        }
    },
    {
        "model": "auth.permission",
        "pk": 41,
        "fields": {
            "name": "Can change member",
            "content_type": 14,
            "codename": "change_member"
        }
    },
    {
        "model": "auth.permission",
        "pk": 42,
        "fields": {
            "name": "Can delete member",
            "content_type": 14,
            "codename": "delete_member"
        }
    },
    {
        "model": "auth.permission",
        "pk": 43,
        "fields": {
            "name": "Can add board member",
            "content_type": 15,
            "codename": "add_boardmember"
        }
    },
    {
        "model": "auth.permission",
        "pk": 44,
        "fields": {
            "name": "Can change board member",
            "content_type": 15,
            "codename": "change_boardmember"
        }
    },
    {
        "model": "auth.permission",
        "pk": 45,
        "fields": {
            "name": "Can delete board member",
            "content_type": 15,
            "codename": "delete_boardmember"
        }
    },
    {
        "model": "auth.permission",
        "pk": 46,
        "fields": {
            "name": "Can add log entry",
            "content_type": 16,
            "codename": "add_logentry"
        }
    },
    {
        "model": "auth.permission",
        "pk": 47,
        "fields": {
            "name": "Can change log entry",
            "content_type": 16,
            "codename": "change_logentry"
        }
    },
    {
        "model": "auth.permission",
        "pk": 48,
        "fields": {
            "name": "Can delete log entry",
            "content_type": 16,
            "codename": "delete_logentry"
        }
    },
    {
        "model": "auth.permission",
        "pk": 49,
        "fields": {
            "name": "Can add permission",
            "content_type": 17,
            "codename": "add_permission"
        }
    },
    {
        "model": "auth.permission",
        "pk": 50,
        "fields": {
            "name": "Can change permission",
            "content_type": 17,
            "codename": "change_permission"
        }
    },
    {
        "model": "auth.permission",
        "pk": 51,
        "fields": {
            "name": "Can delete permission",
            "content_type": 17,
            "codename": "delete_permission"
        }
    },
    {
        "model": "auth.permission",
        "pk": 52,
        "fields": {
            "name": "Can add group",
            "content_type": 18,
            "codename": "add_group"
        }
    },
    {
        "model": "auth.permission",
        "pk": 53,
        "fields": {
            "name": "Can change group",
            "content_type": 18,
            "codename": "change_group"
        }
    },
    {
        "model": "auth.permission",
        "pk": 54,
        "fields": {
            "name": "Can delete group",
            "content_type": 18,
            "codename": "delete_group"
        }
    },
    {
        "model": "auth.permission",
        "pk": 55,
        "fields": {
            "name": "Can add user",
            "content_type": 19,
            "codename": "add_user"
        }
    },
    {
        "model": "auth.permission",
        "pk": 56,
        "fields": {
            "name": "Can change user",
            "content_type": 19,
            "codename": "change_user"
        }
    },
    {
        "model": "auth.permission",
        "pk": 57,
        "fields": {
            "name": "Can delete user",
            "content_type": 19,
            "codename": "delete_user"
        }
    },
    {
        "model": "auth.permission",
        "pk": 58,
        "fields": {
            "name": "Can add content type",
            "content_type": 20,
            "codename": "add_contenttype"
        }
    },
    {
        "model": "auth.permission",
        "pk": 59,
        "fields": {
            "name": "Can change content type",
            "content_type": 20,
            "codename": "change_contenttype"
        }
    },
    {
        "model": "auth.permission",
        "pk": 60,
        "fields": {
            "name": "Can delete content type",
            "content_type": 20,
            "codename": "delete_contenttype"
        }
    },
    {
        "model": "auth.permission",
        "pk": 61,
        "fields": {
            "name": "Can add session",
            "content_type": 21,
            "codename": "add_session"
        }
    },
    {
        "model": "auth.permission",
        "pk": 62,
        "fields": {
            "name": "Can change session",
            "content_type": 21,
            "codename": "change_session"
        }
    },
    {
        "model": "auth.permission",
        "pk": 63,
        "fields": {
            "name": "Can delete session",
            "content_type": 21,
            "codename": "delete_session"
        }
    },
    {
        "model": "auth.user",
        "pk": 1,
        "fields": {
            "password": "pbkdf2_sha256$100000$SxK31RO91zFG$yecGMlpcQkWMVPSYIF3lr9gDXkIAK//TlEkqeSByI3o=",
            "last_login": "2018-03-26T16:32:08.474Z",
            "is_superuser": true,
            "username": "admin",
            "first_name": "",
            "last_name": "",
            "email": "",
            "is_staff": true,
            "is_active": true,
            "date_joined": "2018-03-26T16:31:31.337Z",
            "groups": [],
            "user_permissions": []
        }
    }
]